,Nominee,Nominations,First,Last,Last - First,born,No,imdbID,ambiguous?,bday,bplace
8,Albert Basserman,1,1940,1940,0,1867,,60168,Albert Bassermann,1867-9-7,"Mannheim, Germany"
127,George Arliss,2,1929,1929,0,1868,,2183,,1868-4-10,"London, England, UK"
151,Henry Travers,1,1942,1942,0,1874,,871287,,1874-3-5,"Prudhoe, Northumberland, England, UK"
142,H. B. Warner,1,1937,1937,0,1875,,912478,H.B. Warner,1875-10-26,"London, England, UK"
54,Charles Coburn,3,1941,1946,5,1877,,2013,,1877-6-19,"Savannah, Georgia, USA"
101,Edmund Gwenn,2,1947,1950,3,1877,,350324,,1877-9-26,"Wandsworth, London, England, UK"
147,Harry Carey,1,1939,1939,0,1878,,1013,Harry Carey Jr.,1921-5-16,"Saugus, California, USA"
248,Lionel Barrymore,1,1930,1930,0,1878,,859,,1878-4-28,"Philadelphia, Pennsylvania, USA"
246,Lewis Stone,1,1928,1928,0,1879,,832011,,1879-11-15,"Worcester, Massachusetts, USA"
371,Sydney Greenstreet,1,1941,1941,0,1879,,2113,,1879-12-27,"Sandwich, Kent, England, UK"
92,Donald Crisp,1,1941,1941,0,1882,,187981,,1882-7-27,"Bow, London, England, UK"
128,George Bancroft,1,1928,1928,0,1882,,51628,,1882-9-30,"Philadelphia, Pennsylvania, USA"
182,James Gleason,1,1941,1941,0,1882,,322299,,1882-5-23,"New York City, New York, USA"
402,Walter Huston,4,1936,1948,12,1883,,404158,,1883-4-5,"Toronto, Ontario, Canada"
105,Emil Jannings,1,1927,1927,0,1884,,417837,,1884-7-23,"Rorschach, St. Gallen, Switzerland"
107,Erich von Stroheim,1,1950,1950,0,1885,,2233,,1885-9-22,"Vienna, Austria-Hungary [now Austria]"
400,Wallace Beery,2,1929,1931,2,1885,,891,,1885-4-1,"Kansas City, Missouri, USA"
97,Ed Wynn,1,1959,1959,0,1886,,943956,,1886-11-9,"Philadelphia, Pennsylvania, USA"
397,Victor McLaglen,2,1935,1952,17,1886,,572142,,1886-12-10,"Tunbridge Wells, Kent, England, UK"
345,Roland Young,1,1937,1937,0,1887,,950019,,1887-11-11,"London, England, UK"
26,Barry Fitzgerald,2,1944,1944,0,1888,,280178,,1888-3-10,"Dublin, Ireland"
260,Maurice Chevalier,1,1929,1929,0,1888,,2001,,1888-9-12,"Paris, France"
278,Monty Woolley,2,1942,1944,2,1888,,941253,,1888-8-17,"New York City, New York, USA"
53,Charles Chaplin,1,1940,1940,0,1889,,122,,1889-4-16,"Walworth, London, England, UK"
66,Claude Rains,4,1939,1946,7,1889,,1647,,1889-11-10,"Clapham, London, England, UK"
68,Clifton Webb,3,1944,1948,4,1889,,916067,,1889-11-19,"Indianapolis, Indiana, USA"
184,James Stephenson,1,1940,1940,0,1889,,827263,,1889-4-14,"Selby, Yorkshire, England, UK"
361,Sessue Hayakawa,1,1957,1957,0,1889,,370564,,1889-6-10,"Nanaura, Chiba, Japan"
405,Warner Baxter,1,1928,1928,0,1889,,62828,,1889-3-29,"Columbus, Ohio, USA"
1,Adolphe Menjou,1,1930,1930,0,1890,,579663,,1890-2-18,"Pittsburgh, Pennsylvania, USA"
114,Frank Morgan,2,1934,1942,8,1890,,604656,,1890-6-1,"New York City, New York, USA"
366,Stanley Holloway,1,1964,1964,0,1890,,391361,,1890-10-1,"Manor Park, London, England, UK"
51,Charles Bickford,3,1943,1948,5,1891,,1948,,1891-1-1,"Cambridge, Massachusetts, USA (1889, often given in error)"
124,Gene Lockhart,1,1938,1938,0,1891,,516876,,1891-7-18,"London, Ontario, Canada"
265,Michael Chekhov,1,1945,1945,0,1891,,155011,,1891-8-29,"St. Petersburg, Russian Empire [now Russia]"
291,Paul Lukas,1,1943,1943,0,1891,,510134,,1891-5-26,"Budapest, Austria-Hungary [now Hungary]"
347,Ronald Colman,3,1929,1947,18,1891,,172903,,1891-2-9,"Richmond, Surrey, England, UK"
355,Sam Jaffe,1,1950,1950,0,1891,,415488,,1891-3-10,"New York City, New York, USA"
14,Alfred Lunt,1,1931,1931,0,1892,,526795,,1892-8-12,"Milwaukee, Wisconsin, USA"
27,Basil Rathbone,2,1936,1938,2,1892,,1651,,1892-6-13,"Johannesburg, South Africa"
379,Thomas Mitchell,2,1937,1939,2,1892,,593775,,1892-7-11,"Elizabeth, New Jersey, USA"
410,William Demarest,1,1946,1946,0,1892,,218131,,1892-2-27,"St. Paul, Minnesota, USA"
416,William Powell,3,1934,1947,13,1892,,1635,,1892-7-29,"Pittsburgh, Pennsylvania, USA"
50,Cecil Kellaway,2,1948,1967,19,1893,,445523,,1893-8-22,"Cape Town, South Africa"
244,Leslie Howard,2,1932,1938,6,1893,,1366,,1893-4-3,"Forest Hill, London, England, UK"
316,Richard Dix,1,1930,1930,0,1893,,228715,,1893-7-18,"St. Paul, Minnesota, USA"
401,Walter Brennan,4,1936,1941,5,1894,,974,,1894-7-25,"Lynn, Massachusetts, USA"
249,Louis Calhern,1,1950,1950,0,1895,,129894,,1895-2-19,"Brooklyn [now in New York City], New York, USA"
292,Paul Muni,6,1928,1959,31,1895,,612847,,1895-9-22,"Lemberg, Galicia, Austria-Hungary [now Lviv, Ukraine]"
313,Richard Barthelmess,1,1927,1927,0,1895,,1932,,1895-5-9,"New York City, New York, USA"
129,George Burns,1,1975,1975,0,1896,,122675,,1896-1-20,"New York City, New York, USA"
159,J. Carrol Naish,2,1943,1945,2,1896,,619798,,1896-1-21,"New York City, New York, USA"
219,Joseph Schildkraut,1,1937,1937,0,1896,,771584,,1896-3-22,"Vienna, Austria-Hungary [now Austria]"
236,Lawrence Tibbett,1,1929,1929,0,1896,,862546,,1896-11-16,"Bakersfield, California, USA"
310,Raymond Massey,1,1940,1940,0,1896,,557339,,1896-8-30,"Toronto, Ontario, Canada"
118,Fredric March,5,1930,1951,21,1897,,545298,,1897-8-31,"Racine, Wisconsin, USA"
404,Walter Pidgeon,2,1942,1943,1,1897,,682074,,1897-9-23,"Saint John, New Brunswick, Canada"
240,Lee Tracy,1,1964,1964,0,1898,,870543,,1898-4-14,"Atlanta, Georgia, USA"
288,Oscar Homolka,1,1948,1948,0,1898,,393028,Oskar Homolka,1898-8-12,"Vienna, Austria-Hungary [now Austria]"
3,Akim Tamiroff,2,1936,1943,7,1899,,848667,,1899-10-29,"Tiflis, Russian Empire [now Tbilisi, Republic of Georgia]"
52,Charles Boyer,4,1937,1961,24,1899,,964,,1899-8-28,"Figeac, Lot, France"
56,Charles Laughton,3,1932,1957,25,1899,,1452,,1899-7-1,"Victoria Hotel, Scarborough, Yorkshire, England, UK"
60,Chief Dan George,1,1970,1970,0,1899,,313381,,1899-7-24,"North Vancouver, British Columbia, Canada"
116,Fred Astaire,1,1974,1974,0,1899,,1,,1899-5-10,"Omaha, Nebraska, USA"
155,Humphrey Bogart,3,1943,1954,11,1899,,7,,1899-12-25,"New York City, New York, USA"
174,James Cagney,3,1938,1955,17,1899,,10,,1899-7-17,"New York City, New York, USA"
365,Spencer Tracy,9,1936,1967,31,1900,,75,,1900-4-5,"Milwaukee, Wisconsin, USA"
40,Brian Donlevy,1,1939,1939,0,1901,,2046,,1901-2-9,"Cleveland, Ohio, USA"
59,Chester Morris,1,1928,1928,0,1901,,606431,,1901-2-16,"New York City, New York, USA"
65,Clark Gable,3,1934,1939,5,1901,,22,,1901-2-1,"Cadiz, Ohio, USA"
95,Ed Begley,1,1962,1962,0,1901,,893,Ed Begley Jr.,1949-9-16,"Los Angeles, California, USA"
120,Gary Cooper,5,1936,1952,16,1901,,11,,1901-5-7,"Helena, Montana, USA"
179,James Dunn,1,1945,1945,0,1901,,7223,,1901-11-2,"New York City, New York, USA"
239,Lee Strasberg,1,1974,1974,0,1901,,833448,,1901-11-17,"Budzanów, Galicia, Austria-Hungary [now Budaniv, Ukraine]"
263,Melvyn Douglas,3,1963,1979,16,1901,,2048,,1901-4-5,"Macon, Georgia, USA"
399,Vittorio De Sica,1,1957,1957,0,1901,,1120,,1901-7-7,"Sora, Lazio, Italy"
39,Brian Aherne,1,1939,1939,0,1902,,731,,1902-5-2,"King's Norton, Worcestershire, England, UK"
61,Chill Wills,1,1960,1960,0,1902,,932629,,1902-7-18,"Seagoville, Texas, USA"
206,John Houseman,1,1973,1973,0,1902,,2144,,1902-9-22,"Bucharest, Romania"
307,Ralph Richardson,2,1949,1984,35,1902,,724732,,1902-12-19,"Tivoli Road, Cheltenham, Gloucestershire, England, UK"
33,Bing Crosby,3,1944,1954,10,1903,,1078,,1903-5-2,"Tacoma, Washington, USA"
82,Dean Jagger,1,1949,1949,0,1903,,415591,,1903-11-7,"Columbus Grove, Ohio, USA"
165,Jack Oakie,1,1940,1940,0,1903,,642988,,1903-11-12,"Sedalia, Missouri, USA"
369,Stuart Erwin,1,1936,1936,0,1903,,260020,,1903-2-14,"Squaw Valley, California, USA"
49,Cary Grant,2,1941,1944,3,1904,,26,,1904-1-18,"Horfield, Bristol, England, UK"
205,John Gielgud,2,1964,1981,17,1904,,24,,1904-4-14,"South Kensington, London, England, UK"
305,Ralph Bellamy,1,1937,1937,0,1904,,897,,1904-6-17,"Chicago, Illinois, USA"
332,Robert Montgomery,2,1937,1941,4,1904,,599910,,1904-5-21,"Fishkill Landing [now Beacon], New York, USA"
112,Franchot Tone,1,1935,1935,0,1905,,867144,,1905-2-27,"Niagara Falls, New York, USA"
150,Henry Fonda,2,1940,1981,41,1905,,20,,1905-5-16,"Grand Island, Nebraska, USA"
241,Leo Genn,1,1951,1951,0,1905,,312890,,1905-8-9,"London, England, UK"
276,Mischa Auer,1,1936,1936,0,1905,,41681,,1905-11-17,"St. Petersburg, Russian Empire [now Russia]"
309,Ray Milland,1,1945,1945,0,1905,,1537,,1907-1-3,"Neath, Glamorgan, Wales, UK"
326,Robert Donat,2,1938,1939,1,1905,,232196,,1905-3-18,"Withington, Manchester, England, UK"
377,Thomas Gomez,1,1947,1947,0,1905,,327089,,1905-7-10,"New York City, New York, USA"
411,William Gargan,1,1940,1940,0,1905,,307326,,1905-7-17,"Brooklyn, New York, USA"
98,Eddie Albert,2,1953,1972,19,1906,,734,,1906-4-22,"Rock Island, Illinois, USA"
134,George Sanders,1,1950,1950,0,1906,,1695,,1906-7-3,"St. Petersburg, Russian Empire [now Russia]"
208,John Huston,1,1963,1963,0,1906,,1379,,1906-8-5,"Nevada, Missouri, USA"
409,William Bendix,1,1942,1942,0,1906,,904,,1906-1-14,"New York City, New York, USA"
13,Alexander Knox,1,1944,1944,0,1907,,461594,,1907-1-16,"Strathroy, Ontario, Canada"
44,Burgess Meredith,2,1975,1976,1,1907,,580565,,1907-11-16,"Cleveland, Ohio, USA"
160,Jack Albertson,1,1968,1968,0,1907,,16776,,1907-6-16,"Malden, Massachusetts, USA"
212,John Marley,1,1970,1970,0,1907,,549134,,1907-10-17,"Harlem, Manhattan, New York City, New York, USA"
215,John Wayne,2,1949,1969,20,1907,,78,,1907-5-26,"Winterset, Iowa, USA"
235,Laurence Olivier,9,1939,1978,39,1907,,59,,1907-5-22,"Dorking, Surrey, England, UK"
25,Arthur O'Connell,2,1955,1959,4,1908,,640023,,1908-3-29,"New York City, New York, USA"
89,Don Ameche,1,1985,1985,0,1908,,747,,1908-5-31,"Kenosha, Wisconsin, USA"
161,Jack Gilford,1,1973,1973,0,1908,,318527,,1908-7-25,"New York City, New York, USA"
185,James Stewart,5,1939,1959,20,1908,,71,,1908-5-20,"Indiana, Pennsylvania, USA"
213,John Mills,1,1970,1970,0,1908,,590055,,1908-2-22,"The Watts Naval Training College, North Elmham, Norfolk, England, UK"
245,Lew Ayres,1,1948,1948,0,1908,,817,,1908-12-28,"Minneapolis, Minnesota, USA"
272,Michael Redgrave,1,1947,1947,0,1908,,714878,,1908-3-20,"Bristol, England, UK"
312,Rex Harrison,2,1963,1964,1,1908,,1322,,1908-3-5,"Huyton, Lancashire, England, UK [now Huyton, Knowsley, Merseyside, England, UK]"
333,Robert Morley,1,1938,1938,0,1908,,2366079,Bob Morley,1984-12-20,"Kyneton, Victoria, Australia"
389,Tom Tully,1,1954,1954,0,1908,,876451,,1908-8-21,"Durango, Colorado, USA"
45,Burl Ives,1,1958,1958,0,1909,,412322,,1909-6-14,"Hunt City, Illinois, USA"
183,James Mason,3,1954,1982,28,1909,,51,,1909-5-15,"Huddersfield, Yorkshire [now in Kirklees, West Yorkshire], England, UK"
336,Robert Ryan,1,1947,1947,0,1909,,752813,,1909-11-11,"Chicago, Illinois, USA"
23,Arthur Hunnicutt,1,1952,1952,0,1910,,402277,,1910-2-17,"Gravelly, Arkansas, USA"
79,David Niven,1,1958,1958,0,1910,,57,,1910-3-1,"London, England, UK"
395,Van Heflin,1,1942,1942,0,1910,,1336,,1908-12-13,"Walters, Oklahoma, USA"
41,Broderick Crawford,1,1949,1949,0,1911,,2024,,1911-12-9,"Philadelphia, Pennsylvania, USA"
154,Hume Cronyn,1,1944,1944,0,1911,,2025,,1911-7-18,"London, Ontario, Canada"
237,Lee J. Cobb,2,1954,1958,4,1911,,2011,,1911-12-8,"New York City, New York, USA"
71,Cornel Wilde,1,1945,1945,0,1912,,664273,,1912-10-13,"Prievidza, Hungary [now Slovakia]"
123,Gene Kelly,1,1945,1945,0,1912,,37,,1912-8-23,"Pittsburgh, Pennsylvania, USA"
153,Hugh Griffith,2,1959,1963,4,1912,,341518,,1912-5-30,"Marian Glas, Anglesey, Wales, UK"
223,Karl Malden,2,1951,1954,3,1912,,1500,,1912-3-22,"Chicago, Illinois, USA"
19,Anthony Quayle,1,1969,1969,0,1913,,703033,,1913-9-7,"Ainsdale, Southport, Lancashire [now Aindale, Sefton, Merseyside], England, UK"
46,Burt Lancaster,4,1953,1981,28,1913,,44,,1913-11-2,"New York City, New York, USA"
138,Gig Young,3,1951,1969,18,1913,,949574,,1913-11-4,"St. Cloud, Minnesota, USA"
204,John Garfield,2,1938,1947,9,1913,,2092,,1913-3-4,"New York City, New York, USA"
339,Robert Strauss,1,1953,1953,0,1913,,833865,,1913-11-8,"New York City, New York, USA"
394,Trevor Howard,1,1960,1960,0,1913,,2145,,1913-9-29,"Cliftonville, Kent, England, UK"
12,Alec Guinness,4,1952,1988,36,1914,,27,,1914-4-2,"Marylebone, London, England, UK"
24,Arthur Kennedy,5,1949,1958,9,1914,,447913,,1914-2-17,"Worcester, Massachusetts, USA"
145,Harold Russell,1,1946,1946,0,1914,,751174,,1914-1-14,"North Sydney, Nova Scotia, Canada"
209,John Ireland,1,1949,1949,0,1914,,409869,,1914-1-30,"Vancouver, British Columbia, Canada"
228,Kevin McCarthy,1,1951,1951,0,1914,,2994,,1914-2-15,"Seattle, Washington, USA"
232,Larry Parks,1,1946,1946,0,1914,,662972,,1914-12-13,"Olathe, Kansas, USA"
322,Richard Widmark,1,1947,1947,0,1914,,1847,,1914-12-26,"Sunrise Township, Minnesota, USA"
20,Anthony Quinn,4,1952,1964,12,1915,,63,,1915-4-21,"Chihuahua, Mexico"
74,Dan Dailey,1,1948,1948,0,1915,,197314,,1915-12-14,"New York City, New York, USA"
100,Edmond O'Brien,2,1954,1964,10,1915,,639529,,1915-9-10,"New York City, New York, USA"
115,Frank Sinatra,2,1953,1955,2,1915,,69,,1915-12-12,"Hoboken, New Jersey, USA"
198,Joe Mantell,1,1955,1955,0,1915,,544064,,1915-12-21,"Greenpoint, Brooklyn, New York City, New York, USA"
287,Orson Welles,1,1941,1941,0,1915,,80,,1915-5-6,"Kenosha, Wisconsin, USA"
141,Gregory Peck,5,1945,1962,17,1916,,60,,1916-4-5,"La Jolla [now in San Diego], California, USA"
171,Jackie Gleason,1,1961,1961,0,1916,,1276,,1916-2-26,"Bushwick, Brooklyn, New York City, New York, USA"
230,Kirk Douglas,3,1949,1956,7,1916,,18,,1916-12-9,"Amsterdam, New York, USA"
298,Peter Finch,2,1971,1976,5,1916,,2075,,1916-9-28,"South Kensington, London, England, UK"
108,Ernest Borgnine,1,1955,1955,0,1917,,308,,1917-1-24,"Hamden, Connecticut, USA"
331,Robert Mitchum,1,1945,1945,0,1917,,53,,1917-8-6,"Bridgeport, Connecticut, USA"
22,Art Carney,1,1974,1974,0,1918,,138770,,1918-11-4,"Mount Vernon, New York, USA"
28,Ben Johnson,1,1971,1971,0,1918,,424565,,1918-6-13,"Foraker, Shidler, Oklahoma, USA"
194,Jeff Chandler,1,1950,1950,0,1918,,1996,,1918-12-15,"Brooklyn, New York, USA"
203,John Dall,1,1945,1945,0,1918,,197982,,1918-5-26,"New York City, New York, USA"
334,Robert Preston,1,1982,1982,0,1918,,696481,,1918-6-8,"Newton Highlands, Massachusetts, USA"
414,William Holden,3,1950,1976,26,1918,,34,,1918-4-17,"O'Fallon, Illinois, USA"
75,Dan O'Herlihy,1,1954,1954,0,1919,,641397,,1919-5-1,"Wexford, Ireland"
166,Jack Palance,3,1952,1991,39,1919,,1588,,1919-2-18,"Lattimer Mines, Pennsylvania, USA"
255,Martin Balsam,1,1965,1965,0,1919,,842,,1919-11-4,"The Bronx, New York City, New York, USA"
311,Red Buttons,1,1957,1957,0,1919,,999,,1919-2-5,"New York City, New York, USA"
321,Richard Todd,1,1949,1949,0,1919,,865262,,1919-6-11,"Dublin, Ireland"
338,Robert Stack,1,1956,1956,0,1919,,821041,,1919-1-13,"Los Angeles, California, USA"
167,Jack Warden,2,1975,1978,3,1920,,912001,,1920-9-18,"Newark, New Jersey, USA"
274,Mickey Rooney,4,1939,1979,40,1920,,1682,,1920-9-23,"Brooklyn, New York City, New York, USA"
277,Montgomery Clift,4,1948,1961,13,1920,,1050,,1920-10-17,"Omaha, Nebraska, USA"
318,Richard Farnsworth,2,1978,1999,21,1920,,2070,,1920-9-1,"Los Angeles, California, USA"
398,Vincent Gardenia,2,1973,1987,14,1920,,306696,,1920-1-7,"Naples, Campania, Italy"
403,Walter Matthau,3,1966,1975,9,1920,,527,,1920-10-1,"Lower East Side, Manhattan, New York City, New York, USA"
419,Yul Brynner,1,1956,1956,0,1920,,989,,1920-7-11,"Vladivostok, Primorskaya Oblast, Far Eastern Republic [now Primorsky Krai, Russia]"
186,James Whitmore,2,1949,1975,26,1921,,926235,,1921-10-1,"White Plains, New York, USA"
303,Peter Ustinov,3,1951,1964,13,1921,,1811,,1921-4-16,"London, England, UK"
84,Denholm Elliott,1,1986,1986,0,1922,,1186,,1922-5-31,"Ealing, London, England, UK"
162,Jack Kruschen,1,1960,1960,0,1922,,472816,,1922-3-20,"Winnipeg, Manitoba, Canada"
169,Jackie Cooper,1,1930,1930,0,1922,,178114,,1922-9-15,"Los Angeles, California, USA"
190,Jason Robards,3,1976,1980,4,1922,,1673,,1922-7-26,"Chicago, Illinois, USA"
289,Oskar Werner,1,1965,1965,0,1922,,921459,,1922-11-13,"Vienna, Austria"
294,Paul Scofield,2,1966,1994,28,1922,,6890,,1922-1-21,"Hurstpierpoint, West Sussex, England, UK"
373,Telly Savalas,1,1962,1962,0,1922,,1699,,1922-1-21,"Garden City, Long Island, New York, USA"
55,Charles Durning,2,1982,1983,1,1923,,1164,,1923-2-28,"Highland Falls, New York, USA"
57,Charlton Heston,1,1959,1959,0,1923,,32,,1923-10-4,"Wilmette, Illinois, USA"
67,Cliff Robertson,1,1968,1968,0,1923,,731772,,1923-9-9,"La Jolla [now in San Diego], California, USA"
87,Dexter Gordon,1,1986,1986,0,1923,,330143,,1923-2-27,"Los Angeles, California, USA"
273,Michael V. Gazzo,1,1974,1974,0,1923,,311155,,1923-4-5,"Hillside, New Jersey, USA"
238,Lee Marvin,1,1965,1965,0,1924,,1511,,1924-2-19,"New York City, New York, USA"
252,Marcello Mastroianni,3,1962,1987,25,1924,,52,,1924-9-28,"Fontana Liri, Lazio, Italy"
254,Marlon Brando,8,1951,1989,38,1924,,8,,1924-4-3,"Omaha, Nebraska, USA"
346,Ron Moody,1,1968,1968,0,1924,,600531,,1924-1-8,"Tottenham, Middlesex, England, UK"
376,Theodore Bikel,1,1958,1958,0,1924,,942,,1924-5-2,"Vienna, Austria"
133,George Kennedy,1,1967,1967,0,1925,,1421,,1925-2-18,"New York City, New York, USA"
163,Jack Lemmon,8,1955,1982,27,1925,,493,,1925-2-8,"Newton, Massachusetts, USA"
293,Paul Newman,9,1958,2002,44,1925,,56,,1925-1-26,"Shaker Heights, Ohio, USA"
302,Peter Sellers,2,1964,1979,15,1925,,634,,1925-9-8,"Southsea, Hampshire, England, UK"
314,Richard Burton,7,1952,1977,25,1925,,9,,1925-11-10,"Pontrhydyfen, Wales, UK"
343,Rock Hudson,1,1956,1956,0,1925,,1369,,1925-11-17,"Winnetka, Illinois, USA"
344,Rod Steiger,3,1954,1967,13,1925,,1768,,1925-4-14,"Westhampton, New York, USA"
392,Tony Curtis,1,1958,1958,0,1925,,348,,1925-6-3,"The Bronx, New York City, New York, USA"
113,Frank Finlay,1,1965,1965,0,1926,,277975,,1926-8-6,"Farnworth, Lancashire, England, UK"
320,Richard Jaeckel,1,1971,1971,0,1926,,1395,,1926-10-10,"Long Beach, Long Island, New York, USA"
130,George C. Scott,4,1959,1971,12,1927,,1715,,1927-10-18,"Wise, Virginia, USA"
297,Peter Falk,2,1960,1961,1,1927,,393,,1927-9-16,"New York City, New York, USA"
337,Robert Shaw,1,1966,1966,0,1927,,1727,,1927-8-9,"Westhoughton, Lancashire, England, UK"
349,Rupert Crosse,1,1969,1969,0,1927,,1727,,1927-8-9,"Westhoughton, Lancashire, England, UK"
363,Sidney Poitier,2,1958,1963,5,1927,,1627,,1927-2-20,"Miami, Florida, USA"
413,William Hickey,1,1985,1985,0,1927,,382676,,1927-9-19,"Brooklyn, New York City, New York, USA"
16,Anthony Franciosa,1,1957,1957,0,1928,,290047,,1928-10-25,"New York City, New York, USA"
156,Ian Bannen,1,1965,1965,0,1928,,846,,1928-6-29,"Airdrie, Lanarkshire, Scotland, UK"
175,James Coburn,1,1998,1998,0,1928,,336,,1928-8-31,"Laurel, Nebraska, USA"
181,James Garner,1,1985,1985,0,1928,,1258,,1928-4-7,"Norman, Oklahoma, USA"
234,Laurence Harvey,1,1959,1959,0,1928,,2131,,1928-10-1,"Joniskis, Lithuania"
256,Martin Landau,3,1988,1994,6,1928,,1445,,1928-6-20,"Brooklyn, New York City, New York, USA"
370,Stuart Whitman,1,1961,1961,0,1928,,926183,,1928-2-1,"San Francisco, California, USA"
91,Don Murray,1,1956,1956,0,1929,,614916,,1929-7-31,"Hollywood, California, USA"
202,John Cassavetes,1,1967,1967,0,1929,,1023,,1929-12-9,"New York City, New York, USA"
284,Nigel Hawthorne,1,1994,1994,0,1929,,1329,,1929-4-5,"Coventry, Warwickshire, England, UK"
21,Armin Mueller-Stahl,1,1996,1996,0,1930,,90,,1930-12-17,"Tilsit, East Prussia, Germany [now Sovetsk, Kaliningrad Oblast, Russia]"
69,Clint Eastwood,2,1992,2004,12,1930,,142,,1930-5-31,"San Francisco, California, USA"
122,Gene Hackman,5,1967,1992,25,1930,,432,,1930-1-30,"San Bernardino, California, USA"
176,James Coco,1,1981,1981,0,1930,,168394,,1930-3-21,"New York City, New York, USA"
262,Maximilian Schell,3,1961,1977,16,1930,,1703,,1930-12-8,"Vienna, Austria"
319,Richard Harris,2,1963,1990,27,1930,,1321,,1930-10-1,"Limerick, Ireland"
330,Robert Loggia,1,1985,1985,0,1930,,5162,,1930-1-3,"Staten Island, New York, USA"
359,Sean Connery,1,1987,1987,0,1930,,125,,1930-8-25,"Edinburgh, Scotland, UK"
368,Steve McQueen,1,1966,1966,0,1930,,537,,1930-3-24,"Beech Grove, Indiana, USA"
157,Ian Holm,1,1981,1981,0,1931,,453,,1931-9-12,"Goodmayes, Essex, England, UK"
178,James Dean,2,1955,1956,1,1931,,15,,1931-2-8,"Marion, Indiana, USA"
180,James Earl Jones,1,1970,1970,0,1931,,469,,1931-1-17,"Arkabutla, Mississippi, USA"
281,Nick Adams,1,1963,1963,0,1931,,11244,,1931-7-10,"Nanticoke, Pennsylvania, USA"
323,Rip Torn,1,1983,1983,0,1931,,1800,,1931-2-6,"Temple, Texas, USA"
328,Robert Duvall,6,1972,1998,26,1931,,380,,1931-1-5,"San Diego, California, USA"
18,Anthony Perkins,1,1956,1956,0,1932,,578,,1932-4-4,"New York City, New York, USA"
200,Joel Grey,1,1972,1972,0,1932,,1297,,1932-4-11,"Cleveland, Ohio, USA"
285,Noriyuki 'Pat' Morita,1,1984,1984,0,1932,,1552,Pat Morita,1932-6-28,"Isleton, California, USA"
286,Omar Sharif,1,1962,1962,0,1932,,1725,,1932-4-10,"Alexandria, Egypt"
301,Peter O'Toole,8,1962,2006,44,1932,,564,,1932-8-2,"Hunslet, Leeds, Yorkshire, England, UK"
340,Robert Vaughn,1,1959,1959,0,1932,,1816,,1932-11-22,"New York City, New York, USA"
348,Roy Scheider,2,1971,1979,8,1932,,1702,,1932-11-10,"Orange, New Jersey, USA"
0,Adolph Caesar,1,1984,1984,0,1933,,128360,,1933-12-5,"New York City, New York, USA"
77,Daniel Massey,1,1968,1968,0,1933,,557292,,1933-10-10,"London, England, UK"
78,Danny Aiello,1,1989,1989,0,1933,,732,,1933-6-20,"New York City, New York, USA"
125,Gene Wilder,1,1968,1968,0,1933,,698,,1933-6-11,"Milwaukee, Wisconsin, USA"
251,Mako,1,1966,1966,0,1933,,538683,,1933-12-10,"Kobe, Japan"
264,Michael Caine,6,1966,2002,36,1933,,323,,1933-3-14,"Rotherhithe, London, England, UK"
315,Richard Castellano,1,1970,1970,0,1933,,144710,Richard S. Castellano,1933-9-4,"The Bronx, New York City, New York, USA"
6,Alan Arkin,3,1966,2006,40,1934,,273,,1934-3-26,"New York City, New York, USA"
7,Alan Bates,1,1968,1968,0,1934,,869,,1934-2-17,"Allestree, Derbyshire, England, UK"
131,George Chakiris,1,1961,1961,0,1934,,1995,,1934-9-16,"Norwood, Ohio, USA"
135,George Segal,1,1966,1966,0,1934,,1719,,1934-2-13,"Great Neck, Long Island, New York, USA"
268,Michael Dunn,1,1965,1965,0,1934,,242692,,1934-10-20,"Shattuck, Oklahoma, USA"
350,Russ Tamblyn,1,1957,1957,0,1934,,848560,,1934-12-30,"Los Angeles, California, USA"
93,Dudley Moore,1,1981,1981,0,1935,,1545,,1935-4-19,"Dagenham, Essex, England, UK"
220,Judd Hirsch,1,1980,1980,0,1935,,2139,,1935-3-15,"The Bronx, New York City, New York, USA"
362,Seymour Cassel,1,1968,1968,0,1935,,1025,,1935-1-22,"Detroit, Michigan, USA"
393,Topol,1,1971,1971,0,1935,,867694,,1935-9-9,"Tel Aviv, Palestine [now Israel]"
417,Woody Allen,1,1977,1977,0,1935,,95,,1935-12-1,"Brooklyn, New York City, New York, USA"
5,Alan Alda,1,2004,2004,0,1936,,257,,1936-1-28,"The Bronx, New York City, New York, USA"
10,Albert Finney,5,1963,2000,37,1936,,1215,,1936-5-9,"Salford, Greater Manchester, England, UK"
35,Bobby Darin,1,1963,1963,0,1936,,201239,,1936-5-14,"The Bronx, New York, USA"
43,Bruce Dern,1,1978,1978,0,1936,,1136,,1936-6-4,"Chicago, Illinois, USA"
47,Burt Reynolds,1,1997,1997,0,1936,,608,,1936-2-11,"Lansing, Michigan, USA"
83,Dean Stockwell,1,1988,1988,0,1936,,1777,,1936-3-5,"North Hollywood, Los Angeles, California, USA"
85,Dennis Hopper,1,1986,1986,0,1936,,454,,1936-5-17,"Dodge City, Kansas, USA"
117,Frederic Forrest,1,1979,1979,0,1936,,2078,,1936-12-23,"Waxahachie, Texas, USA"
335,Robert Redford,1,1973,1973,0,1936,,602,,1936-8-18,"Santa Monica, California, USA"
17,Anthony Hopkins,4,1991,1997,6,1937,,164,,1937-12-31,"Margam, Port Talbot, West Glamorgan, Wales, UK"
94,Dustin Hoffman,7,1967,1997,30,1937,,163,,1937-8-8,"Los Angeles, California, USA"
164,Jack Nicholson,12,1969,2002,33,1937,,197,,1937-4-22,"Neptune, New Jersey, USA"
279,Morgan Freeman,4,1987,2004,17,1937,,151,,1937-6-1,"Memphis, Tennessee, USA"
280,Ned Beatty,1,1976,1976,0,1937,,885,,1937-7-6,"Louisville, Kentucky, USA"
385,Tom Courtenay,2,1965,1983,18,1937,,183822,,1937-2-25,"Kingston-Upon-Hull, East Riding of Yorkshire, England, UK"
406,Warren Beatty,4,1967,1991,24,1937,,886,,1937-3-30,"Richmond, Virginia, USA"
104,Elliott Gould,1,1969,1969,0,1938,,1285,,1938-8-29,"Brooklyn, New York City, New York, USA"
217,Jon Voight,4,1969,2001,32,1938,,685,,1938-12-29,"Yonkers, New York, USA"
242,Leonard Frey,1,1971,1971,0,1938,,294600,,1938-9-4,"Brooklyn, New York, USA"
374,Terence Stamp,1,1962,1962,0,1938,,654,,1938-7-22,"Stepney, London, England, UK"
396,Victor Buono,1,1962,1962,0,1938,,120658,,1938-2-3,"San Diego, California, USA"
110,F. Murray Abraham,1,1984,1984,0,1939,,719,,1939-10-24,"Pittsburgh, Pennsylvania, USA"
148,Harvey Keitel,1,1991,1991,0,1939,,172,,1939-5-13,"Brooklyn, New York, USA"
158,Ian McKellen,2,1998,2001,3,1939,,5212,,1939-5-25,"Burnley, Lancashire, England, UK"
189,Jason Miller,1,1973,1973,0,1939,,588553,,1939-4-22,"Long Island City, New York, USA"
269,Michael J. Pollard,1,1967,1967,0,1939,,689488,,1939-5-30,"Passaic, New Jersey, USA"
295,Paul Winfield,1,1972,1972,0,1939,,934902,,1939-5-22,"Los Angeles, California, USA"
354,Sal Mineo,2,1955,1960,5,1939,,543,,1939-1-10,"The Bronx, New York City, New York, USA"
4,Al Pacino,8,1972,1992,20,1940,,199,,1940-4-25,"Manhattan, New York City, New York, USA"
48,Burt Young,1,1976,1976,0,1940,,949350,,1940-4-30,"New York City, New York, USA"
143,Haing S. Ngor,1,1984,1984,0,1940,,628955,,1940-3-22,"Samrong Young, Cambodia"
173,James Caan,1,1972,1972,0,1940,,1001,,1940-3-26,"The Bronx, New York, USA"
177,James Cromwell,1,1995,1995,0,1940,,342,,1940-1-27,"Los Angeles, California, USA"
207,John Hurt,2,1978,1980,2,1940,,457,,1940-1-22,"Chesterfield, Derbyshire, England, UK"
300,Peter Fonda,1,1997,1997,0,1940,,1228,,1940-2-23,"New York City, New York, USA"
357,Sam Waterston,1,1984,1984,0,1940,,1832,,1940-11-15,"Cambridge, Massachusetts, USA"
270,Michael Lerner,1,1991,1991,0,1941,,503627,,1941-6-22,"Brooklyn, New York, USA"
282,Nick Nolte,2,1991,1998,7,1941,,560,,1941-2-8,"Omaha, Nebraska, USA"
329,Robert Forster,1,1997,1997,0,1941,,1233,,1941-7-13,"Rochester, New York, USA"
353,Ryan O'Neal,1,1970,1970,0,1941,,641939,,1941-4-20,"Los Angeles, California, USA"
384,Tom Conti,1,1983,1983,0,1941,,2018,,1941-11-22,"Paisley, Scotland, UK"
34,Bob Hoskins,1,1986,1986,0,1942,,1364,,1942-10-26,"Bury St. Edmunds, Suffolk, England, UK"
38,Brandon De Wilde,1,1953,1953,0,1942,,1121,,1942-4-9,"Brooklyn, New York, USA"
63,Chris Sarandon,1,1975,1975,0,1942,,1697,,1942-7-24,"Beckley, West Virginia, USA"
137,Giancarlo Giannini,1,1976,1976,0,1942,,316284,,1942-8-1,"La Spezia, Liguria, Italy"
146,Harrison Ford,1,1985,1985,0,1942,,148,,1942-7-13,"Chicago, Illinois, USA"
29,Ben Kingsley,4,1982,2003,21,1943,,1426,,1943-12-31,"Scarborough, Yorkshire, England, UK"
64,Christopher Walken,2,1978,2002,24,1943,,686,,1943-3-31,"Astoria, Queens, New York City, New York, USA"
199,Joe Pesci,2,1980,1990,10,1943,,582,,1943-2-9,"Newark, New Jersey, USA"
231,Klaus Maria Brandauer,1,1985,1985,0,1943,,1970,,1943-6-22,"Bad Aussee, Styria, Austria"
325,Robert De Niro,6,1974,1991,17,1943,,134,,1943-8-17,"New York City, New York, USA"
356,Sam Shepard,1,1983,1983,0,1943,,1731,,1943-11-5,"Fort Sheridan, Illinois, USA"
119,Gary Busey,1,1978,1978,0,1944,,997,,1944-6-29,"Goose Creek, Texas, USA"
267,Michael Douglas,1,1987,1987,0,1944,,474,Michael Keaton,1951-9-5,"Coraopolis, Pennsylvania, USA"
210,John Lithgow,2,1982,1983,1,1945,,1475,,1945-10-19,"Rochester, New York, USA"
42,Bruce Davison,1,1990,1990,0,1946,,1117,,1946-6-28,"Philadelphia, Pennsylvania, USA"
296,Pete Postlethwaite,1,1993,1993,0,1946,,592,,1946-2-7,"Warrington, Lancashire, England, UK"
367,Stephen Rea,1,1992,1992,0,1946,,1653,,1946-10-31,"Belfast, Northern Ireland, UK"
372,Sylvester Stallone,1,1976,1976,0,1946,,230,,1946-7-6,"New York City, New York, USA"
391,Tommy Lee Jones,2,1991,1993,2,1946,,169,,1946-9-15,"San Saba, Texas, USA"
9,Albert Brooks,1,1987,1987,0,1947,,983,,1947-7-22,"Beverly Hills, California, USA"
102,Edward James Olmos,1,1988,1988,0,1947,,1579,,1947-2-24,"Los Angeles, California, USA"
187,James Woods,2,1986,1996,10,1947,,249,,1947-4-18,"Vernal, Utah, USA"
227,Kevin Kline,1,1988,1988,0,1947,,177,,1947-10-24,"St. Louis, Missouri, USA"
317,Richard Dreyfuss,2,1977,1995,18,1947,,377,,1947-10-29,"Brooklyn, New York City, New York, USA"
136,Gerard Depardieu,1,1990,1990,0,1948,,367,Gérard Depardieu,1948-12-27,"Châteauroux, Indre, France"
195,Jeremy Irons,1,1990,1990,0,1948,,460,,1948-9-19,"Cowes, Isle of Wight, England, UK"
275,Mikhail Baryshnikov,1,1977,1977,0,1948,,864,,1948-1-28,"Riga, Latvia, USSR [now Latvia]"
358,Samuel L. Jackson,1,1994,1994,0,1948,,168,,1948-12-21,"Washington, District of Columbia, USA"
390,Tom Wilkinson,1,2001,2001,0,1948,,929489,,1948-2-5,"Wharfedale, West Riding of Yorkshire, England, UK"
81,David Strathairn,1,2005,2005,0,1949,,657,,1949-1-26,"San Francisco, California, USA"
193,Jeff Bridges,4,1971,2000,29,1949,,313,,1949-12-4,"Los Angeles, California, USA"
196,Jim Broadbent,1,2001,2001,0,1949,,980,,1949-5-24,"Lincoln, Lincolnshire, England, UK"
383,Tom Berenger,1,1986,1986,0,1949,,297,,1949-5-31,"Chicago, Illinois, USA"
31,Bill Murray,1,2003,2003,0,1950,,195,,1950-9-21,"Wilmette, Illinois, USA"
36,Brad Dourif,1,1975,1975,0,1950,,374,,1950-3-18,"Huntington, West Virginia, USA"
96,Ed Harris,4,1995,2002,7,1950,,438,,1950-11-28,"Tenafly, New Jersey, USA"
308,Randy Quaid,1,1973,1973,0,1950,,1642,,1950-10-1,"Houston, Texas, USA"
412,William H. Macy,1,1996,1996,0,1950,,513,,1950-3-13,"Miami, Florida, USA"
415,William Hurt,4,1985,2005,20,1950,,458,,1950-3-20,"Washington, District of Columbia, USA"
62,Chris Cooper,1,2002,2002,0,1951,,177933,,1951-7-9,"Kansas City, Missouri, USA"
126,Geoffrey Rush,3,1996,2000,4,1951,,1691,,1951-7-6,"Toowoomba, Queensland, Australia"
342,Robin Williams,4,1987,1997,10,1951,,245,,1951-7-21,"Chicago, Illinois, USA"
58,Chazz Palminteri,1,1994,1994,0,1952,,1590,,1952-5-15,"New York City, New York, USA"
73,Dan Aykroyd,1,1989,1989,0,1952,,101,,1952-7-1,"Ottawa, Ontario, Canada"
139,Graham Greene,1,1990,1990,0,1952,,1295,,1952-6-22,"Six Nations Reserve, Ontario, Canada"
168,Jack Wild,1,1968,1968,0,1952,,928349,,1952-9-30,"Royton, near Oldham, Lancashire, England, UK"
247,Liam Neeson,1,1993,1993,0,1952,,553,,1952-6-7,"Ballymena, Co. Antrim, Northern Ireland, UK"
341,Roberto Benigni,1,1998,1998,0,1952,,905,,1952-10-27,"Manciano La Misericordia, Castiglion Fiorentino, Tuscany, Italy"
211,John Malkovich,2,1984,1993,9,1953,,518,,1953-12-9,"Christopher, Illinois, USA"
257,Massimo Troisi,1,1995,1995,0,1953,,873385,,1953-2-19,"San Giorgio a Cremano, Campania, Italy"
299,Peter Firth,1,1977,1977,0,1953,,278752,,1953-10-27,"Bradford, Yorkshire, England, UK"
388,Tom Hulce,1,1984,1984,0,1953,,1371,,1953-12-6,"Whitewater, Wisconsin, USA"
80,David Paymer,1,1992,1992,0,1954,,1601,,1954-8-30,"Oceanside, Long Island, New York, USA"
86,Denzel Washington,5,1987,2001,14,1954,,243,,1954-12-28,"Mount Vernon, New York, USA"
214,John Travolta,2,1977,1994,17,1954,,237,,1954-2-18,"Englewood, New Jersey, USA"
32,Billy Bob Thornton,2,1996,1998,2,1955,,671,,1955-8-4,"Hot Springs, Arkansas, USA"
121,Gary Sinise,1,1994,1994,0,1955,,641,,1955-3-17,"Blue Island, Illinois, USA"
226,Kevin Costner,1,1990,1990,0,1955,,126,,1955-1-18,"Lynwood, California, USA"
271,Michael O'Keefe,1,1980,1980,0,1955,,1574,,1955-4-24,"Mount Vernon, New York, USA"
408,Willem Dafoe,2,1986,2000,14,1955,,353,,1955-7-22,"Appleton, Wisconsin, USA"
15,Andy Garcia,1,1990,1990,0,1956,,412,,1956-4-12,"Havana, Cuba"
106,Eric Roberts,1,1985,1985,0,1956,,616,,1956-4-18,"Biloxi, Mississippi, USA"
387,Tom Hanks,5,1988,2000,12,1956,,158,,1956-7-9,"Concord, California, USA"
76,Daniel Day-Lewis,3,1989,2002,13,1957,,358,,1957-4-29,"Greenwich, London, England, UK"
266,Michael Clarke Duncan,1,1999,1999,0,1957,,3817,,1957-12-10,"Chicago, Illinois, USA"
11,Alec Baldwin,1,2003,2003,0,1958,,285,,1958-4-3,"Massapequa, Long Island, New York, USA"
380,Tim Robbins,1,2003,2003,0,1958,,209,,1958-10-16,"West Covina, California, USA"
224,Ken Watanabe,1,2003,2003,0,1959,,913822,,1959-10-21,"Uonuma, Japan"
229,Kevin Spacey,2,1995,1999,4,1959,,228,,1959-7-26,"South Orange, New Jersey, USA"
225,Kenneth Branagh,1,1989,1989,0,1960,,110,,1960-12-10,"Belfast, Northern Ireland, UK"
360,Sean Penn,4,1995,2003,8,1960,,576,,1960-8-17,"Santa Monica, California, USA"
378,Thomas Haden Church,1,2004,2004,0,1960,,2006,,1960-6-17,"Yolo, California, USA"
382,Timothy Hutton,1,1980,1980,0,1960,,459,,1960-8-16,"Malibu, California, USA"
99,Eddie Murphy,1,2006,2006,0,1961,,552,,1961-4-3,"Brooklyn, New York City, New York, USA"
111,Forest Whitaker,1,2006,2006,0,1961,,1845,,1961-7-15,"Longview, Texas, USA"
132,George Clooney,1,2005,2005,0,1961,,123,,1961-5-6,"Lexington, Kentucky, USA"
170,Jackie Earle Haley,1,2006,2006,0,1961,,355097,,1961-7-14,"Northridge, California, USA"
233,Laurence Fishburne,1,1993,1993,0,1961,,401,,1961-7-30,"Augusta, Georgia, USA"
381,Tim Roth,1,1995,1995,0,1961,,619,,1961-5-14,"London, England, UK"
418,Woody Harrelson,1,1996,1996,0,1961,,437,,1961-7-23,"Midland, Texas, USA"
306,Ralph Fiennes,2,1993,1996,3,1962,,146,,1962-12-22,"Ipswich, Suffolk, England, UK"
386,Tom Cruise,3,1989,1999,10,1962,,129,,1962-7-3,"Syracuse, New York, USA"
37,Brad Pitt,1,1995,1995,0,1963,,93,,1963-12-18,"Shawnee, Oklahoma, USA"
140,Greg Kinnear,1,1997,1997,0,1963,,1427,,1963-6-17,"Logansport, Indiana, USA"
216,Johnny Depp,2,2003,2004,1,1963,,136,,1963-6-9,"Owensboro, Kentucky, USA"
70,Clive Owen,1,2004,2004,0,1964,,654110,,1964-10-3,"Keresley, Coventry, Warwickshire, England, UK"
88,Djimon Hounsou,2,2003,2006,3,1964,,5023,,1964-4-24,"Cotonou, Benin"
90,Don Cheadle,1,2004,2004,0,1964,,332,,1964-11-29,"Kansas City, Missouri, USA"
259,Matt Dillon,1,2005,2005,0,1964,,369,,1964-2-18,"New Rochelle, New York, USA"
283,Nicolas Cage,2,1995,2002,7,1964,,115,,1964-1-7,"Long Beach, California, USA"
351,Russell Crowe,3,1999,2001,2,1964,,128,,1964-4-7,"Wellington, New Zealand"
201,John C. Reilly,1,2002,2002,0,1965,,604,,1965-5-24,"Chicago, Illinois, USA"
30,Benicio Del Toro,2,2000,2003,3,1967,,1125,,1967-2-19,"San Germán, Puerto Rico"
188,Jamie Foxx,2,2004,2004,0,1967,,4937,,1967-12-13,"Terrell, Texas, USA"
290,Paul Giamatti,1,2005,2005,0,1967,,316079,,1967-6-6,"New Haven, Connecticut, USA"
304,Philip Seymour Hoffman,1,2005,2005,0,1967,,450,,1967-7-23,"Fairport, New York, USA"
192,Jaye Davidson,1,1992,1992,0,1968,,1109,,1968-3-21,"Riverside, California, USA"
407,Will Smith,2,2001,2006,5,1968,,226,,1968-9-25,"Philadelphia, Pennsylvania, USA"
103,Edward Norton,2,1996,1998,2,1969,,1570,,1969-8-18,"Boston, Massachusetts, USA"
191,Javier Bardem,1,2000,2000,0,1969,,849,,1969-3-1,"Las Palmas de Gran Canaria, Gran Canaria, Canary Islands, Spain"
375,Terrence Howard,1,2005,2005,0,1969,,5024,,1969-3-11,"Chicago, Illinois, USA"
109,Ethan Hawke,1,2001,2001,0,1970,,160,,1970-11-6,"Austin, Texas, USA"
258,Matt Damon,1,1997,1997,0,1970,,354,,1970-10-8,"Boston, Massachusetts, USA"
324,River Phoenix,1,1988,1988,0,1970,,203,,1970-8-23,"Madras, Oregon, USA"
222,Justin Henry,1,1979,1979,0,1971,,377888,,1971-5-25,"Rye, New York, USA"
253,Mark Wahlberg,1,2006,2006,0,1971,,242,,1971-6-5,"Dorchester, Boston, Massachusetts, USA"
221,Jude Law,2,1999,2003,4,1972,,179,,1972-12-29,"Lewisham, London, England, UK"
2,Adrien Brody,1,2002,2002,0,1973,,4778,,1973-4-14,"Woodhaven, Queens, New York City, New York, USA"
197,Joaquin Phoenix,2,2000,2005,5,1974,,1618,,1974-10-28,"San Juan, Puerto Rico"
243,Leonardo DiCaprio,3,1993,2006,13,1974,,138,,1974-11-11,"Hollywood, Los Angeles, California, USA"
149,Heath Ledger,1,2005,2005,0,1979,,5132,,1979-4-4,"Perth, Western Australia, Australia"
172,Jake Gyllenhaal,1,2005,2005,0,1980,,350453,,1980-12-19,"Los Angeles, California, USA"
352,Ryan Gosling,1,2006,2006,0,1980,,331516,,1980-11-12,"London, Ontario, Canada"
144,Haley Joel Osment,1,1999,1999,0,1988,,5286,,1988-4-10,"Los Angeles, California, USA"